match_date,team,position,player_age,minutes_played,goals,pass_success_rate,market_value_million_eur
2026-12-01,아스날FC,DF,24,6.0,0,88.2,1.01
2027-05-18,리버풀FC,GK,20,81.0,0,87.6,3.27
2026-12-05,뉴캐슬FC,GK,32,90.0,0,87.6,7.14
2026-10-31,리버풀FC,MF,31,33.0,0,76.1,7.3
2027-02-25,뉴캐슬FC,GK,28,90.0,0,81.6,4.57
2026-09-10,리버풀FC,DF,32,16.0,0,80.6,3.47
2026-12-01,멘체스터 유나이티드,FW,30,42.0,0,85.6,5.26
2026-12-20,아스날FC,GK,35,58.0,0,85.0,1.54
2027-03-23,첼시FC,FW,23,50.0,0,83.9,15.15
2026-11-16,뉴캐슬FC,DF,20,53.0,0,97.8,14.98
2026-11-28,에버턴FC,DF,36,23.0,0,81.3,4.88
2027-01-19,뉴캐슬FC,MF,32,24.0,0,80.6,3.97
2026-12-29,첼시FC,MF,22,70.0,0,76.1,2.29
2027-01-17,리버풀FC,FW,27,51.0,0,73.8,5.34
2027-05-05,뉴캐슬FC,MF,24,69.0,0,75.7,1.78
2027-02-28,토트넘 홋스퍼FC,FW,34,87.0,0,78.7,0.45
2027-05-24,멘체스터 유나이티드,DF,24,32.0,0,90.9,180.5
2027-01-28,아스날FC,DF,29,48.0,0,83.2,1.62
2026-09-11,첼시FC,MF,34,28.0,0,84.2,3.82
2027-04-30,아스날FC,FW,30,62.0,0,82.4,4.48
2027-04-13,토트넘 홋스퍼FC,FW,37,21.0,0,85.2,2.14
2026-10-08,뉴캐슬FC,DF,21,25.0,0,91.4,3.77
2026-10-18,뉴캐슬FC,DF,27,27.0,1,71.0,2.59
2027-02-06,에버턴FC,MF,20,84.0,0,90.3,1.35
2027-02-24,토트넘 홋스퍼FC,DF,26,48.0,0,67.9,3.16
2027-05-18,첼시FC,FW,30,70.0,1,83.2,6.9
2027-02-26,에버턴FC,FW,35,80.0,0,96.2,1.41
2027-02-11,멘체스터 유나이티드,DF,32,83.0,0,,1.41
2026-10-10,에버턴FC,MF,21,48.0,0,85.2,1.27
2026-10-14,맨체스터 시티,MF,32,19.0,0,95.0,0.58
2027-04-21,첼시FC,DF,19,85.0,0,78.8,2.16
2026-12-29,맨체스터 시티,FW,32,62.0,0,85.6,250.0
2027-01-02,토트넘 홋스퍼FC,MF,25,60.0,1,86.5,3.88
2026-09-10,리버풀FC,FW,25,48.0,1,79.9,2.85
2027-02-03,맨체스터 시티,DF,34,70.0,1,80.4,3.73
2027-05-21,멘체스터 유나이티드,FW,29,0.0,0,79.7,2.14
2026-11-17,에버턴FC,DF,36,12.0,0,83.5,0.58
2026-09-03,리버풀FC,GK,27,86.0,0,86.3,6.72
2027-04-19,에버턴FC,FW,26,50.0,1,83.7,8.71
2027-05-12,맨체스터 시티,GK,22,55.0,0,,1.72
2026-10-12,에버턴FC,DF,23,82.0,0,71.2,2.9
2026-11-20,토트넘 홋스퍼FC,FW,37,61.0,0,81.7,2.68
2027-05-11,리버풀FC,FW,19,31.0,0,76.9,4.55
2026-09-24,토트넘 홋스퍼FC,MF,30,29.0,0,84.8,15.19
2027-03-14,맨체스터 시티,MF,23,28.0,0,84.7,9.43
2026-11-09,토트넘 홋스퍼FC,DF,22,48.0,0,82.3,2.36
2026-10-09,멘체스터 유나이티드,DF,18,44.0,0,86.1,5.41
2026-08-22,맨체스터 시티,DF,23,29.0,0,89.0,10.27
2026-10-13,맨체스터 시티,MF,23,15.0,0,82.6,4.79
2026-12-04,맨체스터 시티,MF,33,39.0,0,76.7,3.31
2027-05-07,첼시FC,MF,21,18.0,0,73.5,4.96
2027-02-27,에버턴FC,MF,28,17.0,0,83.2,1.76
2027-03-26,첼시FC,GK,26,0.0,0,84.5,2.01
2026-10-03,첼시FC,MF,20,77.0,0,77.2,1.27
2027-01-29,멘체스터 유나이티드,GK,36,46.0,0,87.4,4.38
2027-03-10,리버풀FC,MF,25,65.0,0,80.2,2.95
2027-05-17,에버턴FC,DF,22,37.0,0,73.1,1.58
2027-05-18,토트넘 홋스퍼FC,FW,21,50.0,1,90.5,2.86
2027-03-23,뉴캐슬FC,DF,23,62.0,0,89.9,5.07
2027-04-29,맨체스터 시티,DF,19,3.0,0,70.9,18.6
2027-02-26,토트넘 홋스퍼FC,DF,37,0.0,0,79.6,8.26
2027-03-21,맨체스터 시티,MF,28,7.0,1,79.4,0.42
2027-03-16,멘체스터 유나이티드,MF,21,28.0,0,,4.12
2027-04-14,맨체스터 시티,DF,32,54.0,0,82.4,12.02
2026-10-12,첼시FC,GK,23,2.0,0,74.0,1.0
2027-05-27,에버턴FC,MF,34,31.0,2,88.3,5.45
2027-03-25,뉴캐슬FC,GK,23,9.0,0,75.6,2.68
2027-04-29,아스날FC,FW,36,73.0,0,81.4,9.35
2027-02-24,맨체스터 시티,MF,19,82.0,0,78.4,4.78
2026-09-30,토트넘 홋스퍼FC,GK,32,33.0,0,79.6,1.5
2027-01-24,첼시FC,GK,28,86.0,0,88.6,2.77
2026-09-04,아스날FC,FW,25,54.0,0,92.1,2.92
2026-10-24,뉴캐슬FC,DF,36,31.0,0,75.4,2.97
2026-08-29,아스날FC,DF,30,49.0,0,86.8,9.09
2026-12-27,첼시FC,FW,29,6.0,0,78.6,1.56
2027-01-03,에버턴FC,FW,22,7.0,2,78.8,8.19
2026-10-22,에버턴FC,FW,23,64.0,0,85.9,2.53
2027-01-06,리버풀FC,MF,21,56.0,0,76.8,4.06
2026-11-09,에버턴FC,,36,66.0,0,,3.54
2027-01-30,리버풀FC,GK,37,87.0,0,87.4,3.26
2027-05-08,아스날FC,MF,18,86.0,0,80.4,3.28
2027-04-08,멘체스터 유나이티드,MF,37,58.0,0,91.0,12.32
2026-09-30,토트넘 홋스퍼FC,DF,34,71.0,0,75.4,7.09
2026-09-17,토트넘 홋스퍼FC,FW,29,53.0,0,91.1,2.4
2027-01-02,아스날FC,DF,32,66.0,0,71.3,13.8
2027-03-09,맨체스터 시티,MF,18,50.0,2,,4.25
2027-05-15,맨체스터 시티,GK,31,7.0,0,80.6,4.58
2026-09-22,에버턴FC,MF,23,33.0,0,76.0,1.56
2026-10-07,토트넘 홋스퍼FC,GK,22,34.0,0,81.6,2.12
2026-10-21,토트넘 홋스퍼FC,DF,28,87.0,1,76.7,1.79
2027-03-24,리버풀FC,DF,21,77.0,0,,3.59
2026-11-27,멘체스터 유나이티드,MF,30,31.0,0,91.2,5.9
2027-02-08,첼시FC,MF,28,45.0,0,77.0,4.62
2027-03-22,맨체스터 시티,MF,20,210.0,0,86.5,13.86
2026-09-24,토트넘 홋스퍼FC,FW,18,67.0,0,73.8,1.49
2027-04-04,리버풀FC,DF,23,36.0,0,89.2,3.68
2026-11-29,뉴캐슬FC,DF,35,53.0,0,85.5,1.05
2026-12-29,리버풀FC,FW,27,84.0,0,89.5,1.45
2027-05-04,맨체스터 시티,DF,22,13.0,1,82.3,10.36
2026-08-25,맨체스터 시티,FW,27,54.0,0,80.4,2.19
2027-03-26,리버풀FC,GK,29,47.0,0,87.9,1.61
2027-05-02,첼시FC,FW,19,81.0,0,75.2,0.49
2027-05-30,아스날FC,,30,6.0,0,,1.6
2027-03-15,맨체스터 시티,FW,25,73.0,1,83.0,2.76
2026-09-04,리버풀FC,MF,19,6.0,0,80.7,0.98
2026-10-01,토트넘 홋스퍼FC,FW,37,32.0,1,86.3,2.62
2027-02-15,리버풀FC,GK,18,22.0,0,89.5,10.42
2026-10-22,멘체스터 유나이티드,,22,84.0,1,,1.76
2027-04-08,아스날FC,FW,26,18.0,1,89.1,1.42
2027-04-18,뉴캐슬FC,MF,34,18.0,0,84.9,1.21
2026-10-11,첼시FC,MF,26,35.0,0,86.0,1.19
2026-11-24,에버턴FC,MF,28,28.0,1,82.3,5.38
2027-03-30,뉴캐슬FC,MF,32,59.0,0,85.8,3.47
2027-04-08,아스날FC,MF,23,81.0,1,84.0,7.86
2027-04-14,아스날FC,MF,20,1.0,0,85.0,20.45
2027-01-10,아스날FC,FW,34,0.0,1,82.0,0.64
2027-02-07,뉴캐슬FC,GK,22,46.0,0,87.9,4.67
2026-09-18,토트넘 홋스퍼FC,,29,68.0,0,,1.21
2026-09-25,아스날FC,FW,35,19.0,3,82.9,6.75
2026-09-02,리버풀FC,FW,31,10.0,0,90.9,2.6
2027-01-27,뉴캐슬FC,MF,28,1.0,0,77.3,3.4
2027-02-23,에버턴FC,MF,26,66.0,1,70.0,1.05
2027-04-20,아스날FC,DF,19,86.0,0,85.2,2.26
2026-11-14,리버풀FC,DF,29,11.0,1,81.5,3.6
2026-10-25,토트넘 홋스퍼FC,MF,20,19.0,0,89.1,11.25
2027-02-06,멘체스터 유나이티드,DF,20,4.0,0,82.2,1.62
2026-10-04,토트넘 홋스퍼FC,MF,18,36.0,1,79.4,2.02
2026-10-21,에버턴FC,,25,37.0,0,,7.77
2027-01-01,아스날FC,FW,25,8.0,0,89.6,1.53
2026-09-17,에버턴FC,FW,28,52.0,1,86.5,9.28
2026-12-06,뉴캐슬FC,MF,26,43.0,0,68.4,3.29
2026-10-03,맨체스터 시티,MF,22,85.0,0,84.1,4.36
2026-12-26,아스날FC,DF,31,23.0,0,84.4,4.62
2027-04-08,맨체스터 시티,FW,20,80.0,0,82.9,1.91
2027-02-26,리버풀FC,MF,22,180.0,0,79.3,4.72
2027-04-02,멘체스터 유나이티드,DF,22,29.0,0,90.2,1.66
2027-05-30,첼시FC,FW,36,58.0,0,90.5,2.11
2026-12-19,에버턴FC,FW,31,86.0,0,69.8,5.49
2026-12-14,토트넘 홋스퍼FC,FW,21,80.0,0,78.2,4.32
2027-04-10,멘체스터 유나이티드,MF,30,80.0,0,82.1,3.1
2027-05-06,아스날FC,MF,27,13.0,0,88.7,1.07
2027-03-06,맨체스터 시티,DF,35,8.0,0,83.2,1.34
2027-01-04,토트넘 홋스퍼FC,FW,25,39.0,0,78.9,4.26
2027-02-01,맨체스터 시티,FW,25,65.0,0,87.3,6.42
2027-04-02,뉴캐슬FC,GK,24,24.0,0,81.7,1.22
2027-04-11,맨체스터 시티,GK,25,72.0,0,82.3,1.56
2027-02-08,뉴캐슬FC,DF,31,21.0,0,82.8,3.75
2027-01-19,리버풀FC,FW,36,3.0,0,86.4,3.67
2027-01-27,토트넘 홋스퍼FC,FW,23,25.0,1,81.1,0.77
2026-11-24,토트넘 홋스퍼FC,DF,18,57.0,1,87.1,3.84
2027-04-10,첼시FC,MF,32,28.0,0,82.6,1.94
2027-02-16,아스날FC,DF,18,86.0,0,76.6,14.54
2026-12-11,뉴캐슬FC,FW,34,36.0,0,82.8,4.15
2026-10-11,첼시FC,FW,18,74.0,0,76.9,4.85
2027-05-15,맨체스터 시티,FW,32,69.0,0,83.2,4.97
2026-12-11,맨체스터 시티,MF,19,17.0,0,88.0,1.11
2026-11-29,첼시FC,DF,31,84.0,1,76.6,19.1
2026-12-11,토트넘 홋스퍼FC,DF,25,41.0,0,85.2,0.77
2026-11-09,맨체스터 시티,GK,25,40.0,0,78.0,6.79
2027-02-23,에버턴FC,FW,36,37.0,0,84.2,5.79
2026-12-11,리버풀FC,FW,24,33.0,1,88.2,2.16
2026-08-22,리버풀FC,FW,36,16.0,1,70.2,6.05
2026-12-28,에버턴FC,FW,23,36.0,1,76.3,2.49
2027-03-28,첼시FC,MF,23,24.0,0,80.8,1.81
2026-10-13,에버턴FC,MF,20,75.0,0,84.9,5.07
2027-04-01,뉴캐슬FC,FW,24,86.0,0,82.0,1.34
2027-04-02,뉴캐슬FC,FW,36,85.0,0,82.7,2.71
2026-12-24,첼시FC,DF,25,84.0,0,95.3,1.94
2026-12-28,에버턴FC,MF,27,26.0,0,75.7,2.45
2026-10-12,뉴캐슬FC,DF,37,56.0,1,89.8,4.9
2027-02-08,토트넘 홋스퍼FC,FW,32,30.0,0,80.9,1.94
2027-03-26,에버턴FC,MF,32,5.0,0,86.3,2.79
2027-01-27,토트넘 홋스퍼FC,DF,18,90.0,0,95.8,2.11
2027-03-06,뉴캐슬FC,MF,37,39.0,0,87.1,12.18
2027-04-24,리버풀FC,MF,24,11.0,0,85.2,4.52
2027-03-11,뉴캐슬FC,DF,21,52.0,0,92.6,4.05
2027-02-20,토트넘 홋스퍼FC,DF,23,70.0,0,89.7,6.14
2026-12-21,멘체스터 유나이티드,MF,18,9.0,0,78.2,1.95
2027-05-02,아스날FC,MF,22,44.0,1,84.8,7.19
2027-05-27,맨체스터 시티,MF,18,16.0,0,72.7,4.53
2026-11-26,에버턴FC,MF,21,25.0,0,79.8,0.81
2027-03-06,멘체스터 유나이티드,FW,19,84.0,2,84.9,0.92
2027-04-17,뉴캐슬FC,MF,27,61.0,1,79.4,1.98
2027-01-11,리버풀FC,MF,22,45.0,0,84.6,1.01
2026-11-25,첼시FC,FW,27,63.0,1,82.9,2.68
2027-03-09,뉴캐슬FC,DF,18,1.0,0,86.2,1.33
2026-12-22,리버풀FC,DF,23,53.0,0,80.5,3.04
2027-02-23,아스날FC,GK,30,64.0,0,77.4,11.83
2027-05-06,뉴캐슬FC,MF,32,50.0,0,91.9,3.18
2027-01-15,토트넘 홋스퍼FC,MF,21,52.0,1,80.0,2.53
2027-04-29,첼시FC,,30,35.0,0,,4.71
2027-01-14,리버풀FC,DF,37,25.0,0,91.6,1.77
2027-01-15,리버풀FC,DF,32,28.0,0,84.0,7.09
2027-03-07,리버풀FC,GK,25,20.0,0,77.9,5.18
2026-12-26,아스날FC,,22,10.0,0,,3.44
2026-09-28,뉴캐슬FC,MF,32,39.0,0,89.1,3.81
2026-12-27,아스날FC,DF,21,10.0,0,84.2,20.85
2027-05-14,에버턴FC,DF,29,35.0,0,75.8,7.75
2027-01-18,맨체스터 시티,FW,30,58.0,0,86.6,24.04
2026-11-27,맨체스터 시티,DF,19,38.0,0,87.6,5.36
2027-05-10,에버턴FC,MF,36,53.0,0,80.9,0.88
2027-04-29,뉴캐슬FC,MF,36,54.0,0,86.7,2.62
2027-01-11,토트넘 홋스퍼FC,DF,21,23.0,2,84.5,0.72
2026-12-10,아스날FC,MF,21,21.0,0,81.8,5.34
2026-10-19,첼시FC,FW,28,68.0,0,75.2,6.49
2026-08-22,리버풀FC,FW,22,55.0,1,89.5,1.5
2027-05-01,리버풀FC,DF,37,32.0,0,87.6,1.84
2027-01-07,뉴캐슬FC,FW,28,35.0,0,86.5,3.8
2026-09-26,토트넘 홋스퍼FC,MF,27,19.0,0,92.3,1.13
2027-01-27,맨체스터 시티,DF,25,82.0,0,88.7,1.06
2026-08-29,맨체스터 시티,MF,23,80.0,0,87.1,10.12
2027-04-10,리버풀FC,FW,23,61.0,0,69.7,3.68
2026-11-27,뉴캐슬FC,MF,25,72.0,0,90.2,2.01
2027-01-14,아스날FC,DF,32,25.0,0,83.5,0.72
2027-03-16,맨체스터 시티,MF,31,65.0,0,84.9,7.15
2026-12-29,아스날FC,DF,28,72.0,1,84.9,1.79
2027-01-19,토트넘 홋스퍼FC,GK,29,72.0,0,87.6,17.72
2026-10-13,맨체스터 시티,DF,30,39.0,0,89.7,7.19
2026-12-18,맨체스터 시티,DF,25,16.0,0,86.8,1.6
2027-01-28,멘체스터 유나이티드,,35,0.0,1,,1.74
2026-12-14,맨체스터 시티,DF,18,88.0,0,84.4,15.64
2026-11-03,에버턴FC,MF,32,60.0,0,62.9,3.08
2026-12-11,첼시FC,DF,25,42.0,2,81.3,2.09
2026-12-02,에버턴FC,DF,28,41.0,0,77.4,3.4
2027-05-01,뉴캐슬FC,FW,29,24.0,1,90.3,2.08
2027-04-04,뉴캐슬FC,MF,29,38.0,0,86.7,4.12
2026-12-10,아스날FC,MF,21,34.0,0,80.3,3.1
2026-11-27,에버턴FC,DF,33,2.0,0,80.9,7.3
2027-01-20,에버턴FC,DF,21,43.0,0,80.6,2.34
2027-03-02,에버턴FC,GK,22,50.0,0,80.5,1.5
2027-01-30,토트넘 홋스퍼FC,DF,22,11.0,0,74.3,2.43
2027-03-16,맨체스터 시티,DF,25,18.0,0,73.0,2.41
2027-02-05,첼시FC,DF,27,43.0,1,83.2,3.1
2027-01-28,아스날FC,GK,34,58.0,0,89.5,5.88
2026-10-27,에버턴FC,DF,26,48.0,1,79.8,5.6
2027-05-24,에버턴FC,MF,36,60.0,0,84.8,9.77
2027-01-02,멘체스터 유나이티드,DF,31,16.0,0,87.4,1.6
2027-03-03,아스날FC,DF,25,73.0,0,77.0,4.71
2026-12-26,에버턴FC,MF,26,56.0,1,82.9,6.39
2026-09-22,아스날FC,MF,28,54.0,0,79.0,1.81
2027-02-12,맨체스터 시티,GK,18,46.0,0,92.6,2.75
2026-09-11,멘체스터 유나이티드,MF,31,11.0,0,92.4,0.69
2027-04-15,아스날FC,MF,22,61.0,0,77.0,7.51
2027-01-25,첼시FC,GK,31,79.0,0,85.3,2.73
2026-09-27,첼시FC,FW,21,87.0,1,89.4,6.86
2027-04-07,뉴캐슬FC,,18,82.0,0,,4.0
2026-10-10,멘체스터 유나이티드,GK,36,7.0,0,83.5,2.81
2027-05-11,멘체스터 유나이티드,DF,25,20.0,0,90.8,0.79
2027-05-30,뉴캐슬FC,FW,32,80.0,2,77.6,0.93
2026-09-16,아스날FC,MF,32,86.0,0,81.2,0.32
2027-04-03,멘체스터 유나이티드,DF,26,79.0,0,77.7,2.0
2027-05-24,첼시FC,DF,26,69.0,0,87.7,25.8
2026-11-25,첼시FC,DF,27,71.0,0,79.5,1.04
2027-01-14,에버턴FC,MF,37,24.0,0,82.0,0.31
2026-08-24,맨체스터 시티,MF,26,81.0,0,86.7,7.9
2026-09-24,멘체스터 유나이티드,DF,20,88.0,0,87.2,27.86
2027-02-28,아스날FC,MF,37,11.0,0,77.6,4.34
2026-10-08,뉴캐슬FC,,28,14.0,0,,4.31
2026-09-06,뉴캐슬FC,GK,23,58.0,0,85.7,2.51
2027-02-08,아스날FC,DF,19,25.0,0,,0.66
